fitness,lr0,lrf,momentum,weight_decay,warmup_epochs,warmup_momentum,box,cls,dfl,hsv_h,hsv_s,hsv_v,degrees,translate,scale,shear,perspective,flipud,fliplr,bgr,mosaic,mixup,copy_paste
0.0,0.01,0.01,0.937,0.0005,3.0,0.8,7.5,0.5,1.5,0.015,0.7,0.4,0.0,0.1,0.5,0.0,0.0,0.0,0.5,0.0,1.0,0.0,0.0
0.0,0.00927,0.01,0.9311,0.00046,2.47588,0.8,7.26731,0.57551,1.28843,0.01429,0.74776,0.39946,0.0,0.10035,0.5,0.0,0.0,0.0,0.50998,0.0,1.0,0.0,0.0
0.0,0.01036,0.01132,0.9311,0.00042,2.47588,0.8,6.86832,0.58521,1.3584,0.01537,0.74776,0.36466,0.0,0.09283,0.50227,0.0,0.0,0.0,0.57054,0.0,1.0,0.0,0.0
0.0,0.00791,0.00974,0.9272,0.0004,2.74648,0.75255,8.36122,0.6586,1.3584,0.01272,0.74776,0.40499,0.0,0.09283,0.6211,0.0,0.0,0.0,0.41486,0.0,0.92099,0.0,0.0
